id,symbol,name,image,current_price,market_cap,market_cap_rank,fully_diluted_valuation,total_volume,high_24h,low_24h,price_change_24h,price_change_percentage_24h,market_cap_change_24h,market_cap_change_percentage_24h,circulating_supply,total_supply,max_supply,ath,ath_change_percentage,ath_date,atl,atl_change_percentage,atl_date,roi,last_updated
bitcoin,btc,Bitcoin,https://coin-images.coingecko.com/coins/images/1/large/bitcoin.png?1696501400,107598.0,2137849603370,1,2137849603370,28668694414,109071.0,106802.0,-1473.319665208459,-1.35079,-28835670603.254883,-1.33087,19869796.0,19869796.0,21000000.0,111814.0,-3.75094,2025-05-22T18:41:28.492Z,67.81,158610.61862,2013-07-06T00:00:00.000Z,Unknown,2025-05-25T20:37:23.382Z
ethereum,eth,Ethereum,https://coin-images.coingecko.com/coins/images/279/large/ethereum.png?1696501628,2521.01,304290661820,2,304290661820,13450389192,2554.59,2479.53,-33.404854155362955,-1.30773,-3954984398.2579956,-1.28306,120725964.145659,120725964.145659,10003352445917.512,4878.26,-48.34656,2021-11-10T14:24:19.604Z,0.432979,581865.9428,2015-10-20T00:00:00.000Z,"{'times': 30.32373818665742, 'currency': 'btc', 'percentage': 3032.373818665742}",2025-05-25T20:37:23.056Z
tether,usdt,Tether,https://coin-images.coingecko.com/coins/images/325/large/Tether.png?1696501661,1.0,152777148448,3,152777148448,45624245689,1.0,1.0,8.415e-05,0.00841,43131280.0,0.02824,152732954758.0377,152732954758.0377,10003352445917.512,1.32,-24.39731,2018-07-24T00:00:00.000Z,0.572521,74.71772,2015-03-02T00:00:00.000Z,Unknown,2025-05-25T20:37:23.139Z
ripple,xrp,XRP,https://coin-images.coingecko.com/coins/images/44/large/xrp-symbol-white-128.png?1696501442,2.3,135192724252,4,230334194294,1725587726,2.35,2.2800000000000002,-0.045759063934589006,-1.9477700000000002,-2673733850.263275,-1.93937,58686007292.0,99986107098.0,100000000000.0,3.4,-32.19464,2018-01-07T00:00:00.000Z,0.00268621,85683.83926,2014-05-22T00:00:00.000Z,Unknown,2025-05-25T20:37:22.786Z
binancecoin,bnb,BNB,https://coin-images.coingecko.com/coins/images/825/large/bnb-icon2_2x.png?1696501970,667.39,97364572479,5,97364572479,760237143,674.99,657.95,-7.60836235282386,-1.12717,-1107101642.2171326,-1.12428,145887575.79,145887575.79,200000000.0,788.84,-15.38177,2024-12-04T10:35:25.220Z,0.0398177,1676304.00877,2017-10-19T00:00:00.000Z,Unknown,2025-05-25T20:37:21.303Z
solana,sol,Solana,https://coin-images.coingecko.com/coins/images/4128/large/solana.png?1718769756,172.16,89569682537,6,103557245845,3720929880,177.66,169.9,-5.452170193964235,-3.06963,-2806069259.010544,-3.03767,520283602.9917186,601533191.3450824,10003352445917.512,293.31,-41.30475,2025-01-19T11:15:27.957Z,0.5008009999999999,34276.9517,2020-05-11T19:35:23.449Z,Unknown,2025-05-25T20:37:21.367Z
usd-coin,usdc,USDC,https://coin-images.coingecko.com/coins/images/6319/large/usdc.png?1696506694,0.999768,61700735862,7,61700735862,6167854274,0.999817,0.999695,-3.0950965351217e-05,-0.0031000000000000003,-20390539.858016968,-0.03304,61715658160.27958,61715658160.27958,10003352445917.512,1.17,-14.74584,2019-05-08T00:40:28.300Z,0.877647,13.91609,2023-03-11T08:02:13.981Z,Unknown,2025-05-25T20:37:30.128Z
dogecoin,doge,Dogecoin,https://coin-images.coingecko.com/coins/images/5/large/dogecoin.png?1696501409,0.219487,32788039186,8,32794033307,1497538823,0.227739,0.217414,-0.00825171212456,-3.62332,-1233536056.370121,-3.62575,149386596383.7052,149413906383.7052,10003352445917.512,0.731578,-69.94642,2021-05-08T05:08:23.458Z,8.69e-05,252898.77708,2015-05-06T00:00:00.000Z,Unknown,2025-05-25T20:37:21.242Z
cardano,ada,Cardano,https://coin-images.coingecko.com/coins/images/975/large/cardano.png?1696502090,0.746347,26923863892,9,33587511856,656127416,0.7534989999999999,0.7305659999999999,-0.0071342072388750006,-0.9468300000000001,-245398045.78819656,-0.90322,36072153255.98219,45000000000.0,45000000000.0,3.09,-75.80054,2021-09-02T06:00:10.474Z,0.01925275,3780.04728,2020-03-13T02:22:55.044Z,Unknown,2025-05-25T20:37:22.864Z
tron,trx,TRON,https://coin-images.coingecko.com/coins/images/1094/large/tron-logo.png?1696502193,0.27115,25724624696,10,25724630429,538995917,0.273184,0.269273,0.00027713,0.10231000000000001,27204446.0,0.10586000000000001,94877824827.88739,94877845974.37158,10003352445917.512,0.431288,-37.18163,2024-12-04T00:10:40.323Z,0.00180434,14915.3557,2017-11-12T00:00:00.000Z,"{'times': 141.710634719296, 'currency': 'usd', 'percentage': 14171.0634719296}",2025-05-25T20:37:22.404Z
staked-ether,steth,Lido Staked Ether,https://coin-images.coingecko.com/coins/images/13442/large/steth_logo.png?1696513206,2519.55,22670316442,11,22670316442,12572364,2554.96,2476.08,-35.40909293546247,-1.3859,-323315195.9953804,-1.40611,8997774.645206638,8997774.645206638,10003352445917.512,4829.57,-47.82632,2021-11-10T14:40:47.256Z,482.9,421.80258,2020-12-22T04:08:21.854Z,Unknown,2025-05-25T20:37:29.999Z
wrapped-bitcoin,wbtc,Wrapped Bitcoin,https://coin-images.coingecko.com/coins/images/7598/large/wrapped_bitcoin_wbtc.png?1696507857,107380.0,13834711755,12,13834711755,194502066,108960.0,106664.0,-1579.8315381089924,-1.44992,-187447653.72086906,-1.3368,128814.95633878,128814.95633878,128814.95633878,111685.0,-3.80591,2025-05-22T18:56:49.172Z,3139.17,3322.38832,2019-04-02T00:00:00.000Z,Unknown,2025-05-25T20:37:26.285Z
hyperliquid,hype,Hyperliquid,https://coin-images.coingecko.com/coins/images/50882/large/hyperliquid.jpg?1729431300,38.61,12893418608,13,38610981305,396764671,39.1,33.72,2.39,6.60712,809782405.0,6.70148,333928180.0,999990391.0,1000000000.0,39.1,-0.34172,2025-05-25T19:31:34.737Z,3.81,922.97749,2024-11-29T09:30:30.871Z,Unknown,2025-05-25T20:37:25.263Z
sui,sui,Sui,https://coin-images.coingecko.com/coins/images/26375/large/sui-ocean-square.png?1727791290,3.5300000000000002,11771478713,14,35261610532,919957389,3.65,3.47,-0.11460064547378,-3.14771,-370021153.1410694,-3.04757,3338327017.911665,10000000000.0,10000000000.0,5.35,-34.0271,2025-01-04T22:56:18.063Z,0.364846,866.78663,2023-10-19T10:40:30.078Z,Unknown,2025-05-25T20:37:27.011Z
wrapped-steth,wsteth,Wrapped stETH,https://coin-images.coingecko.com/coins/images/18834/large/wstETH.png?1696518295,3031.72,10595770406,15,10595770406,9965928,3073.86,2970.42,-39.25204198427855,-1.27816,-134099903.84793091,-1.2497800000000001,3494296.950964096,3494296.950964096,10003352445917.512,7256.02,-58.2291,2022-05-13T15:09:54.509Z,558.54,442.64775,2022-05-13T01:36:45.053Z,Unknown,2025-05-25T20:37:28.992Z
chainlink,link,Chainlink,https://coin-images.coingecko.com/coins/images/877/large/chainlink-new-logo.png?1696502009,15.08,9913686798,16,15087029742,327961906,15.48,14.93,-0.38726114391057104,-2.50296,-249757014.35329437,-2.45741,657099970.4527868,1000000000.0,1000000000.0,52.7,-71.34717,2021-05-10T00:13:57.214Z,0.14818299999999998,10089.45959,2017-11-29T00:00:00.000Z,Unknown,2025-05-25T20:37:28.457Z
avalanche-2,avax,Avalanche,https://coin-images.coingecko.com/coins/images/12559/large/Avalanche_Circle_RedWhite_Trans.png?1696512369,22.43,9447477528,17,10232740665,282003843,23.07,22.13,-0.626187769191208,-2.7154100000000003,-263152236.58823395,-2.70994,421115712.1851498,456118351.1822282,720000000.0,144.96,-84.52248,2021-11-21T14:18:56.538Z,2.8,700.99555,2020-12-31T13:15:21.540Z,Unknown,2025-05-25T20:37:22.306Z
stellar,xlm,Stellar,https://coin-images.coingecko.com/coins/images/100/large/fmpFRHHQ_400x400.jpg?1735231350,0.283276,8814399483,18,14164356829,162378312,0.287782,0.279095,-0.004274765194182,-1.48661,-122771820.52282143,-1.37372,31115830381.52881,50001786892.81785,50001786892.81785,0.875563,-67.63427,2018-01-03T00:00:00.000Z,0.00047612,59418.67773,2015-03-05T00:00:00.000Z,Unknown,2025-05-25T20:37:22.278Z
shiba-inu,shib,Shiba Inu,https://coin-images.coingecko.com/coins/images/11939/large/shiba.png?1696511800,1.4110000000000002e-05,8315922815,19,8319514151,197654632,1.4630000000000002e-05,1.4050000000000001e-05,-3.6113572100399996e-07,-2.49503,-208099337.76871395,-2.4413300000000002,589249657735255.4,589504132605992.5,10003352445917.512,8.616e-05,-83.61841,2021-10-28T03:54:55.568Z,5.636599999999999e-11,25039972.64298,2020-11-28T11:26:25.838Z,Unknown,2025-05-25T20:37:29.708Z
leo-token,leo,LEO Token,https://coin-images.coingecko.com/coins/images/8418/large/leo-token.png?1696508607,8.91,8222945547,20,8773871600,2738514,8.92,8.8,0.093223,1.05789,79851155.0,0.9806,923374669.9,985239504.0,10003352445917.512,10.14,-12.16965,2025-03-10T09:26:43.294Z,0.799859,1012.90864,2019-12-24T15:14:35.376Z,Unknown,2025-05-25T20:37:26.340Z
bitcoin-cash,bch,Bitcoin Cash,https://coin-images.coingecko.com/coins/images/780/large/bitcoin-cash-circle.png?1696501932,413.72,8222826292,21,8222826292,173779680,426.52,409.93,-12.388863774054698,-2.90743,-235112110.64416027,-2.77978,19874574.89665078,19874574.89665078,21000000.0,3785.82,-89.05238,2017-12-20T00:00:00.000Z,76.93,438.71221,2018-12-16T00:00:00.000Z,Unknown,2025-05-25T20:37:21.923Z
hedera-hashgraph,hbar,Hedera,https://coin-images.coingecko.com/coins/images/3688/large/hbar.png?1696504364,0.184356,7793765189,22,9225626640,127182633,0.19078499999999998,0.181926,-0.006354704045304,-3.3321300000000003,-253963989.94011402,-3.15572,42239760469.01935,50000000000.0,50000000000.0,0.569229,-67.56501,2021-09-15T10:40:28.318Z,0.009861110000000001,1772.29775,2020-01-02T17:30:24.852Z,Unknown,2025-05-25T20:37:21.263Z
monero,xmr,Monero,https://coin-images.coingecko.com/coins/images/69/large/monero_logo.png?1696501460,410.51,7579760109,23,7579760109,96781137,413.13,397.29,11.08,2.7736,232278004.0,3.16133,18446744.07370955,18446744.07370955,10003352445917.512,542.33,-23.97613,2018-01-09T00:00:00.000Z,0.21617699999999998,190622.19106,2015-01-14T00:00:00.000Z,Unknown,2025-05-25T20:37:21.659Z
the-open-network,ton,Toncoin,https://coin-images.coingecko.com/coins/images/17980/large/photo_2024-09-10_17.09.00.jpeg?1725963446,2.9699999999999998,7390578333,24,15220637632,144105318,3.04,2.93,-0.061518476630576004,-2.02978,-158856192.92969418,-2.10421,2491324641.624903,5130795979.219088,10003352445917.512,8.25,-64.07686,2024-06-15T00:36:51.509Z,0.5193639999999999,470.88207,2021-09-21T00:33:11.092Z,Unknown,2025-05-25T20:37:27.703Z
litecoin,ltc,Litecoin,https://coin-images.coingecko.com/coins/images/2/large/litecoin.png?1696501400,94.39,7163125782,25,7163682691,343214760,96.73,93.83,-2.339838338515505,-2.41895,-176363398.2389164,-2.40294,75887601.98347135,75893501.98347135,84000000.0,410.26,-76.98563,2021-05-10T03:13:07.904Z,1.15,8118.5944,2015-01-14T00:00:00.000Z,Unknown,2025-05-25T20:37:23.590Z
weth,weth,WETH,https://coin-images.coingecko.com/coins/images/2518/large/weth.png?1696503332,2521.02,7130403440,26,7125769131,54011474,2557.5,2474.18,-36.482676909362,-1.4265,-145159362.4833145,-1.99516,2828305.533307353,2826467.314611775,10003352445917.512,4799.89,-47.52478,2021-11-09T00:00:00.000Z,82.1,2967.7828,2018-12-15T00:00:00.000Z,Unknown,2025-05-25T20:37:22.092Z
polkadot,dot,Polkadot,https://coin-images.coingecko.com/coins/images/12171/large/polkadot.png?1696512008,4.43,6747226788,27,6747226788,177668435,4.6,4.38,-0.162472381708321,-3.53541,-248256307.72266102,-3.54881,1522267060.0,1522267060.0,10003352445917.512,54.98,-91.93224,2021-11-04T14:10:09.301Z,2.7,64.44117,2020-08-20T05:48:11.359Z,Unknown,2025-05-25T20:37:21.845Z
usds,usds,USDS,https://coin-images.coingecko.com/coins/images/39926/large/usds.webp?1726666683,0.999799,6651722393,28,6649859969,3695194,0.9999509999999999,0.9995729999999999,0.00015071,0.015080000000000001,40173871.0,0.60763,6653485144.523971,6651622227.641311,10003352445917.512,1.057,-5.44795,2024-10-29T05:40:51.197Z,0.9482649999999999,5.42619,2024-10-03T13:19:28.826Z,Unknown,2025-05-25T20:37:22.956Z
bitget-token,bgb,Bitget Token,https://coin-images.coingecko.com/coins/images/11610/large/Bitget_logo.png?1736925727,5.3,6199596278,29,6199596278,103730137,5.63,5.3,-0.32086778970261803,-5.7097,-375413038.9037876,-5.7097,1169993089.2,1169993089.2,2000000000.0,8.45,-37.26838,2024-12-27T11:41:24.992Z,0.014279499999999999,37023.32066,2020-06-25T04:17:05.895Z,Unknown,2025-05-25T20:37:27.748Z
wrapped-eeth,weeth,Wrapped eETH,https://coin-images.coingecko.com/coins/images/33033/large/weETH.png?1701438396,2692.37,6117201530,30,6117203556,5366345,2728.23,2642.06,-35.83090425592491,-1.31335,-73723027.23299885,-1.19082,2272047.834517516,2272048.587292383,10003352445917.512,4311.81,-37.57369,2024-12-06T20:32:25.758Z,1505.24,78.82282000000001,2025-04-09T03:45:31.391Z,Unknown,2025-05-25T20:37:22.210Z
binance-bridged-usdt-bnb-smart-chain,bsc-usd,Binance Bridged USDT (BNB Smart Chain),https://coin-images.coingecko.com/coins/images/35021/large/USDT.png?1707233575,1.001,5986452266,31,5986452266,4537555867,1.005,0.996548,0.00069123,0.06914000000000001,-3030095.8599042892,-0.05059,5984993799.547009,5984993799.547009,10003352445917.512,1.05,-4.7188300000000005,2024-08-05T14:21:42.527Z,0.942186,6.18023,2024-12-05T22:30:39.827Z,Unknown,2025-05-25T20:37:28.997Z
pi-network,pi,Pi Network,https://coin-images.coingecko.com/coins/images/54342/large/pi_network.jpg?1739347576,0.772559,5595236278,32,8608055813,104707560,0.7837529999999999,0.762991,-0.005435632920868,-0.69867,-32496275.751833916,-0.57743,7242931232.691251,11142971127.21731,100000000000.0,2.99,-74.13647,2025-02-26T16:41:03.732Z,0.406999,89.85353,2025-04-05T04:50:37.033Z,Unknown,2025-05-25T20:37:21.996Z
pepe,pepe,Pepe,https://coin-images.coingecko.com/coins/images/29850/large/pepe-token.jpeg?1696528776,1.3040000000000002e-05,5485032684,33,5485032684,1408770209,1.3940000000000002e-05,1.2820000000000001e-05,-8.83334663992e-07,-6.34547,-365272926.0930767,-6.24366,420690000000000.0,420690000000000.0,420690000000000.0,2.803e-05,-53.45187,2024-12-09T16:30:35.828Z,5.5142e-08,23559.82829,2023-04-18T02:14:41.591Z,Unknown,2025-05-25T20:37:28.788Z
ethena-usde,usde,Ethena USDe,https://coin-images.coingecko.com/coins/images/33613/large/usde.png?1733810059,1.0,5208610529,34,5208610529,59867919,1.006,0.998277,-0.0007391145214410001,-0.07385000000000001,288749.0,0.005540000000000001,5209086642.869998,5209086642.869998,10003352445917.512,1.032,-3.13389,2023-12-20T15:38:34.596Z,0.9294859999999999,7.55814,2024-10-04T07:57:15.809Z,Unknown,2025-05-25T20:37:27.618Z
whitebit,wbt,WhiteBIT Coin,https://coin-images.coingecko.com/coins/images/27045/large/wbt_token.png?1696526096,32.24,4646760669,35,10498430774,29132017,32.28,31.61,0.363469,1.14014,55331990.0,1.20511,144118517.10815412,325607102.0,400000000.0,32.28,-0.1993,2025-05-25T18:35:45.393Z,3.06,952.2074,2023-02-13T19:01:21.899Z,Unknown,2025-05-25T20:37:29.328Z
coinbase-wrapped-btc,cbbtc,Coinbase Wrapped BTC,https://coin-images.coingecko.com/coins/images/40143/large/cbbtc.webp?1726136727,107548.0,4558185831,36,4558185831,192797069,109132.0,106693.0,-1583.6419200372184,-1.45112,-29534822.507907867,-0.64378,42365.84854968,42365.84854968,10003352445917.512,112129.0,-4.07715,2025-05-22T19:26:16.485Z,57439.0,87.25581,2024-09-12T14:07:41.775Z,Unknown,2025-05-25T20:37:22.132Z
aave,aave,Aave,https://coin-images.coingecko.com/coins/images/12645/large/aave-token-round.png?1720472354,263.22,3985153404,37,4211671670,534511554,269.19,257.74,-1.464732505391055,-0.55339,-22808355.97715187,-0.56908,15139464.6737065,16000000.0,16000000.0,661.69,-60.15873,2021-05-18T21:19:59.514Z,26.02,913.04325,2020-11-05T09:20:11.928Z,Unknown,2025-05-25T20:37:29.485Z
dai,dai,Dai,https://coin-images.coingecko.com/coins/images/9956/large/Badge_Dai.png?1696509996,0.999922,3707122668,38,3707122668,59037635,1.0,0.9995419999999999,-0.00019961441811000002,-0.019960000000000002,13894490.0,0.37622000000000005,3707387395.151904,3707387395.151904,10003352445917.512,1.22,-17.9634,2020-03-13T03:02:50.373Z,0.8819600000000001,13.38034,2023-03-11T07:50:50.514Z,Unknown,2025-05-25T20:37:28.924Z
bittensor,tao,Bittensor,https://coin-images.coingecko.com/coins/images/28452/large/ARUsPeNQ_400x400.jpeg?1696527447,422.76,3687727242,39,8877214562,88240407,436.41,412.78,-12.414538956582192,-2.85276,-109660769.91653728,-2.88779,8723713.0,21000000.0,21000000.0,757.6,-44.24068,2024-03-07T18:45:36.466Z,30.83,1270.21012,2023-05-14T08:57:53.732Z,Unknown,2025-05-25T20:37:22.797Z
uniswap,uni,Uniswap,https://coin-images.coingecko.com/coins/images/12504/large/uniswap-logo.png?1720676669,6.03,3622860408,40,6033243178,201911528,6.2,5.92,-0.168784082790813,-2.72186,-100766797.32321548,-2.70615,600483073.71,1000000000.0,1000000000.0,44.92,-86.55971,2021-05-03T05:25:04.822Z,1.03,486.03087,2020-09-17T01:20:38.214Z,Unknown,2025-05-25T20:37:26.406Z
near,near,NEAR Protocol,https://coin-images.coingecko.com/coins/images/10365/large/near.jpg?1696510367,2.68,3271971262,41,3361542820,168843638,2.8,2.66,-0.11786748385026401,-4.20542,-140935298.14569664,-4.12948,1218629665.0,1251990153.0,10003352445917.512,20.44,-86.86541,2022-01-16T22:09:45.873Z,0.526762,409.61575,2020-11-04T16:09:15.137Z,Unknown,2025-05-25T20:37:22.233Z
aptos,apt,Aptos,https://coin-images.coingecko.com/coins/images/26455/large/aptos_round.png?1696525528,5.14,3253712134,42,5922985293,162084270,5.4,5.03,-0.259309201760405,-4.80287,-158245781.9129877,-4.63798,633120943.7767196,1152519302.566509,10003352445917.512,19.92,-74.20723,2023-01-26T14:25:17.390Z,3.08,66.83,2022-12-29T21:35:14.796Z,Unknown,2025-05-25T20:37:26.068Z
jito-staked-sol,jitosol,Jito Staked SOL,https://coin-images.coingecko.com/coins/images/28046/large/JitoSOL-200.png?1696527060,207.25,3135854121,43,3135854121,42380549,214.04,203.98,-6.516793442176947,-3.04854,-98390683.88958931,-3.04215,15136022.61183786,15136022.61183786,10003352445917.512,339.52,-38.99298,2025-01-19T11:21:54.080Z,0.57898,35675.22887,2023-09-12T10:21:17.665Z,Unknown,2025-05-25T20:37:27.809Z
okb,okb,OKB,https://coin-images.coingecko.com/coins/images/4463/large/WeChat_Image_20220118095654.png?1696505053,52.03,3121125512,44,12274225855,7081295,52.4,51.8,-0.30683883179729304,-0.5862900000000001,-18945017.53352785,-0.60333,60000000.0,235957685.3,300000000.0,73.8,-29.74965,2024-03-14T00:30:12.502Z,0.580608,8829.79532,2019-01-14T00:00:00.000Z,Unknown,2025-05-25T20:37:28.951Z
blackrock-usd-institutional-digital-liquidity-fund,buidl,BlackRock USD Institutional Digital Liquidity Fund,https://coin-images.coingecko.com/coins/images/36291/large/blackrock.png?1711013223,1.0,2922443478,45,2922443478,0,1.0,1.0,0.0,0.0,0.0,0.0,2922443478.453854,2922443478.453854,10003352445917.512,1.0,0.0,2025-02-12T05:00:10.912Z,1.0,0.0,2025-02-12T05:45:10.196Z,Unknown,2025-05-25T20:35:04.677Z
ondo-finance,ondo,Ondo,https://coin-images.coingecko.com/coins/images/26580/large/ONDO.png?1696525656,0.923836,2917990567,46,9236756079,126874477,0.9505100000000001,0.9069659999999999,-0.026557314582081003,-2.79435,-79908107.86158037,-2.66547,3159107529.0,10000000000.0,10000000000.0,2.14,-56.87249,2024-12-16T00:36:00.777Z,0.082171,1023.2628,2024-01-18T12:14:30.524Z,Unknown,2025-05-25T20:37:25.787Z
crypto-com-chain,cro,Cronos,https://coin-images.coingecko.com/coins/images/7310/large/cro_token_logo.png?1696507599,0.09505799999999999,2838264172,47,9291849583,18350583,0.09610099999999999,0.09375399999999999,-0.0009480800984230001,-0.9875200000000001,-26805091.46774435,-0.9355800000000001,29847430807.89125,97713891566.26186,100000000000.0,0.9654069999999999,-90.15664,2021-11-24T15:53:54.855Z,0.0121196,684.08978,2019-02-08T00:00:00.000Z,Unknown,2025-05-25T20:37:29.715Z
ethereum-classic,etc,Ethereum Classic,https://coin-images.coingecko.com/coins/images/453/large/ethereum-classic-logo.png?1696501717,18.04,2743335766,48,2743335766,50487017,18.57,17.92,-0.536594565656642,-2.88898,-79731656.31558037,-2.82429,152056623.0200431,152056623.0200431,210700000.0,167.09,-89.1932,2021-05-06T18:34:22.133Z,0.615038,2835.84825,2016-07-25T00:00:00.000Z,"{'times': 39.082726157682714, 'currency': 'usd', 'percentage': 3908.272615768271}",2025-05-25T20:37:21.238Z
kaspa,kas,Kaspa,https://coin-images.coingecko.com/coins/images/25751/large/kaspa-icon-exchanges.png?1696524837,0.104352,2735921326,49,2736015953,58158302,0.10935399999999999,0.102438,-0.004822781600779,-4.4175,-119763944.50692797,-4.19388,26220605727.28282,26221512622.2828,28704026601.0,0.20741099999999998,-49.807,2024-08-01T00:40:47.164Z,0.00017105,60762.93793,2022-05-26T14:42:59.316Z,Unknown,2025-05-25T20:37:21.802Z
internet-computer,icp,Internet Computer,https://coin-images.coingecko.com/coins/images/14495/large/Internet_Computer_logo.png?1696514180,5.12,2733119945,50,2733119945,53975614,5.26,5.04,-0.13894940964152,-2.64106,-70672177.21724176,-2.52059,533566714.3358948,533566714.3358948,10003352445917.512,700.65,-99.26942,2021-05-10T16:05:53.653Z,2.87,78.66373,2023-09-22T00:29:57.369Z,Unknown,2025-05-25T20:37:28.121Z
ethena-staked-usde,susde,Ethena Staked USDe,https://coin-images.coingecko.com/coins/images/33669/large/sUSDe-Symbol-Color.png?1716307680,1.17,2651010781,51,2651010781,9283274,1.17,1.17,-3.316122538566e-06,-0.00028000000000000003,3643991.0,0.13765000000000002,2257526079.439559,2257526079.439559,10003352445917.512,1.29,-9.0215,2025-01-29T17:52:32.991Z,1.012,16.02229,2024-04-03T14:23:03.162Z,Unknown,2025-05-25T20:37:29.446Z
tokenize-xchange,tkx,Tokenize Xchange,https://coin-images.coingecko.com/coins/images/4984/large/TKX_-_Logo_-_RGB-15.png?1696505519,32.74,2618831112,55,3273702614,26813739,34.55,30.4,-1.8089077580229542,-5.23625,-145229282.8419218,-5.2542,79995999.05112354,100000000.0,100000000.0,50.43,-35.52558,2025-01-03T19:12:43.038Z,0.11125499999999999,29126.01665,2019-04-28T00:00:00.000Z,"{'times': 111.69174872249377, 'currency': 'usd', 'percentage': 11169.174872249378}",2025-05-25T20:37:28.522Z
gatechain-token,gt,Gate,https://coin-images.coingecko.com/coins/images/8183/large/200X200.png?1735246724,21.16,2567848387,52,6347279070,14037030,21.44,21.12,-0.21281992605134903,-0.9958600000000001,-25419686.194145203,-0.9802200000000001,121367677.01585002,300000000.0,10003352445917.512,25.94,-18.29956,2025-01-25T03:07:37.823Z,0.25754000000000005,8128.85898,2020-03-13T02:18:02.481Z,Unknown,2025-05-25T20:37:24.775Z
official-trump,trump,Official Trump,https://coin-images.coingecko.com/coins/images/53746/large/trump.png?1737171561,12.57,2514409547,53,12572049255,564777037,13.04,12.36,-0.46457802511953405,-3.56361,-92513695.448699,-3.54877,199999975.835994,1000000000.0,1000000000.0,73.43,-82.88349,2025-01-19T11:50:34.806Z,4.29,192.93212,2025-01-18T03:40:29.231Z,Unknown,2025-05-25T20:37:26.881Z
mantle,mnt,Mantle,https://coin-images.coingecko.com/coins/images/30980/large/Mantle-Logo-mark.png?1739213200,0.7330749999999999,2467189040,54,4560363733,229930843,0.738692,0.7220409999999999,-0.003991063919601,-0.5414800000000001,-12572488.610943794,-0.507,3364694382.83684,6219316794.99,6219316794.99,1.54,-52.32518,2024-04-08T09:45:25.482Z,0.307978,138.19231,2023-10-18T02:50:46.942Z,Unknown,2025-05-25T20:37:27.060Z
render-token,render,Render,https://coin-images.coingecko.com/coins/images/11636/large/rndr.png?1696511529,4.59,2374043418,56,2441727732,417754467,4.72,4.48,-0.12653554465236902,-2.68345,-67054540.19558191,-2.7469,517716590.0562826,532476763.3362826,10003352445917.512,13.53,-66.13285,2024-03-17T16:30:24.636Z,0.03665669,12404.7169,2020-06-16T13:22:25.900Z,Unknown,2025-05-25T20:37:29.043Z
vechain,vet,VeChain,https://coin-images.coingecko.com/coins/images/1167/large/VET.png?1742383283,0.02670144,2295755806,57,2295755806,44616428,0.02769202,0.02639752,-0.0009630034068210001,-3.48101,-79328062.31781578,-3.34001,85985041177.0,85985041177.0,86712634466.0,0.280991,-90.50681,2021-04-19T01:08:21.675Z,0.00191713,1291.40112,2020-03-13T02:29:59.652Z,"{'times': 2.707152464028076, 'currency': 'eth', 'percentage': 270.7152464028076}",2025-05-25T20:37:21.130Z
usd1-wlfi,usd1,USD1,https://coin-images.coingecko.com/coins/images/54977/large/30Q2SFVH_400x400.jpg?1742998328,1.0,2149920843,58,2149920843,69086578,1.005,0.995045,-2.131023804397e-05,-0.0021300000000000004,-3863607.991230488,-0.17939000000000002,2151591831.0,2151591831.0,10003352445917.512,1.025,-2.40473,2025-05-12T12:36:39.412Z,0.989703,1.05876,2025-04-16T00:36:15.580Z,Unknown,2025-05-25T20:37:29.459Z
cosmos,atom,Cosmos Hub,https://coin-images.coingecko.com/coins/images/1481/large/cosmos_hub.png?1696502525,4.73,2132291708,59,2132389473,106796884,4.74,4.6,-0.01121529269692,-0.23666,-4719057.497350931,-0.22083000000000003,451099236.029539,451119918.781628,10003352445917.512,44.45,-89.38611,2022-01-17T00:34:41.497Z,1.16,306.67477,2020-03-13T02:27:44.591Z,"{'times': 46.2786323628738, 'currency': 'usd', 'percentage': 4627.86323628738}",2025-05-25T20:37:28.751Z
ethena,ena,Ethena,https://coin-images.coingecko.com/coins/images/36530/large/ethena.png?1711701436,0.364596,2118630922,60,5460095798,174135607,0.37313599999999997,0.35364199999999996,-0.0066845863637340006,-1.80041,-36649606.66188884,-1.70046,5820312500.0,15000000000.0,10003352445917.512,1.52,-76.07452,2024-04-11T13:15:15.057Z,0.195078,86.13963,2024-09-06T21:04:48.253Z,Unknown,2025-05-25T20:37:28.319Z
fetch-ai,fet,Artificial Superintelligence Alliance,https://coin-images.coingecko.com/coins/images/5681/large/ASI.png?1719827289,0.806928,2101809630,61,2190187690,149528922,0.864065,0.797291,-0.055042045075277005,-6.38561,-142118274.3048575,-6.33346,2604959126.672,2714493896.672,2714493896.672,3.45,-76.62724,2024-03-28T17:21:18.050Z,0.008169590000000001,9782.13211,2020-03-13T02:24:18.347Z,"{'times': 8.30712598885471, 'currency': 'usd', 'percentage': 830.7125988854709}",2025-05-25T20:37:30.170Z
polygon-ecosystem-token,pol,POL (ex-MATIC),https://coin-images.coingecko.com/coins/images/32440/large/polygon.png?1698233684,0.231018,2059536839,62,2409832520,56771147,0.234618,0.22750199999999998,-0.0034762253269160002,-1.48243,-30302880.94054985,-1.45001,8917075301.175383,10433733272.16659,10003352445917.512,1.29,-82.10415,2024-03-13T18:55:06.692Z,0.153392,50.2165,2025-04-07T07:06:08.017Z,Unknown,2025-05-25T20:37:27.597Z
worldcoin-wld,wld,Worldcoin,https://coin-images.coingecko.com/coins/images/31069/large/worldcoin.jpeg?1696529903,1.35,2049333466,63,13483491655,272558203,1.42,1.32,-0.07212849445677601,-5.07621,-108916815.10972333,-5.04653,1519883364.592777,10000000000.0,10000000000.0,11.74,-88.51447,2024-03-10T00:10:42.330Z,0.583741,131.00513,2025-04-07T07:06:11.379Z,Unknown,2025-05-25T20:37:26.017Z
lombard-staked-btc,lbtc,Lombard Staked BTC,https://coin-images.coingecko.com/coins/images/39969/large/LBTC_Logo.png?1724959872,106793.0,2036785521,64,2036785521,3542020,108971.0,105683.0,-2176.7403566290886,-1.99756,-29422368.427518368,-1.42398,19016.42759389998,19016.42759389998,10003352445917.512,114576.0,-6.56466,2025-02-04T01:47:44.052Z,52119.0,105.40193,2024-09-06T21:01:52.094Z,Unknown,2025-05-25T20:37:29.026Z
susds,susds,sUSDS,https://coin-images.coingecko.com/coins/images/52721/large/sUSDS_Coin.png?1734086971,1.052,1956514806,65,1956514806,4325026,1.053,1.052,9.944000000000001e-05,0.00945,9951553.0,0.51124,1858945592.859448,1858945592.859448,10003352445917.512,1.088,-3.25623,2025-02-03T02:31:35.208Z,0.9617159999999999,9.43868,2025-01-04T01:21:08.460Z,Unknown,2025-05-25T20:37:29.612Z
fasttoken,ftn,Fasttoken,https://coin-images.coingecko.com/coins/images/28478/large/lightenicon_200x200.png?1696527472,4.41,1894474265,66,3834910267,55044501,4.43,4.4,-0.018356369581978,-0.41442,-8297564.854679823,-0.43608,429480279.0,869380155.8,1000000000.0,4.43,-0.5024500000000001,2025-05-24T16:46:55.366Z,0.398142,1007.84779,2023-01-21T10:15:39.503Z,Unknown,2025-05-25T20:37:30.147Z
arbitrum,arb,Arbitrum,https://coin-images.coingecko.com/coins/images/16547/large/arb.jpg?1721358242,0.38353000000000004,1863797019,67,3833555764,121254051,0.395694,0.379088,-0.012136121731372001,-3.06726,-57054572.06612778,-2.97027,4861797072.0,10000000000.0,10000000000.0,2.39,-83.9621,2024-01-12T12:29:59.231Z,0.245747,55.99421,2025-04-07T07:01:34.124Z,Unknown,2025-05-25T20:37:29.806Z
filecoin,fil,Filecoin,https://coin-images.coingecko.com/coins/images/12817/large/filecoin.png?1696512609,2.77,1851885109,68,5427901691,120856705,2.86,2.74,-0.08777936082255501,-3.07163,-56618647.54954958,-2.96665,668534242.0,1959483407.0,1959483407.0,236.84,-98.82954,2021-04-01T13:29:41.564Z,2.14,29.26994,2025-04-07T07:06:32.125Z,Unknown,2025-05-25T20:37:21.367Z
algorand,algo,Algorand,https://coin-images.coingecko.com/coins/images/4380/large/download.png?1696504978,0.215223,1851326299,69,1851425234,47690547,0.222382,0.212674,-0.007014456490638,-3.15629,-59320016.90424609,-3.10471,8601770142.70804,8602229822.197866,10000000000.0,3.56,-93.9544,2019-06-20T14:51:19.480Z,0.087513,146.01124,2023-09-11T19:42:08.247Z,"{'times': -0.9103236402263051, 'currency': 'usd', 'percentage': -91.0323640226305}",2025-05-25T20:37:21.762Z
first-digital-usd,fdusd,First Digital USD,https://coin-images.coingecko.com/coins/images/31079/large/FDUSD_icon_black.png?1731097953,0.9992209999999999,1644986432,70,1644986432,3714528725,1.008,0.9937469999999999,-0.000684701003876,-0.06848,-254090.36715340614,-0.01544,1646266683.026624,1646266683.026624,10003352445917.512,1.15,-13.21,2025-02-03T02:30:49.959Z,0.9403769999999999,6.25966,2024-12-05T22:30:51.394Z,Unknown,2025-05-25T20:37:21.982Z
celestia,tia,Celestia,https://coin-images.coingecko.com/coins/images/31967/large/tia.jpg?1696530772,2.49,1614829672,71,2799964178,88509262,2.5700000000000003,2.46,-0.06425605348551,-2.5137400000000003,-38654296.22823119,-2.33775,648304450.478795,1124099506.848945,10003352445917.512,20.85,-88.0699,2024-02-10T14:30:02.495Z,2.08,19.39185,2023-10-31T15:14:31.951Z,Unknown,2025-05-25T20:37:21.260Z
jupiter-perpetuals-liquidity-provider-token,jlp,Jupiter Perpetuals Liquidity Provider Token,https://coin-images.coingecko.com/coins/images/33094/large/jlp.png?1700631386,4.6,1593713355,72,1593713355,40821876,4.66,4.5600000000000005,-0.065173962137129,-1.39836,-28609364.95989275,-1.76348,346887144.381001,346887144.381001,10003352445917.512,5.03,-8.65128,2025-01-19T14:31:08.348Z,0.146839,3027.52097,2023-11-24T05:55:06.706Z,Unknown,2025-05-25T20:37:26.062Z
jupiter-exchange-solana,jup,Jupiter,https://coin-images.coingecko.com/coins/images/34188/large/jup.png?1704266489,0.530126,1534932120,73,3707335003,55089466,0.560936,0.5111439999999999,-0.030810205436037002,-5.49264,-85285356.54855824,-5.26382,2897855555.54,6999215924.219044,10000000000.0,2.0,-73.56309,2024-01-31T15:02:47.304Z,0.30635799999999996,72.58944,2025-04-07T06:56:22.719Z,Unknown,2025-05-25T20:37:28.186Z
binance-peg-weth,weth,Binance-Peg WETH,https://coin-images.coingecko.com/coins/images/39580/large/weth.png?1723006716,2523.28,1526438454,74,1526438454,34359097,2559.76,2475.15,-34.058078437853055,-1.33178,-20019049.464761734,-1.29451,604999.999959841,604999.999959841,10003352445917.512,4098.26,-38.52195,2024-12-06T20:27:27.286Z,1394.32,80.69981,2025-04-09T01:32:41.942Z,Unknown,2025-05-25T20:37:26.347Z
bonk,bonk,Bonk,https://coin-images.coingecko.com/coins/images/28600/large/bonk.jpg?1696527587,1.969e-05,1523924593,75,1748182159,282558971,2.161e-05,1.9290000000000003e-05,-1.920579355515e-06,-8.88871,-145345824.13292313,-8.70715,77419592329436.58,88812498134869.64,88812498134869.64,5.8250000000000006e-05,-66.24388,2024-11-20T04:01:06.465Z,8.6142e-08,22726.13794,2022-12-29T22:48:46.755Z,Unknown,2025-05-25T20:37:27.092Z
binance-staked-sol,bnsol,Binance Staked SOL,https://coin-images.coingecko.com/coins/images/40132/large/bnsol.png?1725968367,181.35,1505814580,76,1505814580,2048029,187.1,179.02,-5.635488999405766,-3.01391,-45874126.02507424,-2.9564,8303504.436936089,8303504.436936089,10003352445917.512,297.96,-39.13848,2025-01-19T11:30:53.744Z,100.21,80.95964,2025-04-07T06:56:20.488Z,Unknown,2025-05-25T20:37:26.553Z
sonic-3,s,Sonic (prev. FTM),https://coin-images.coingecko.com/coins/images/38108/large/200x200_Sonic_Logo.png?1734679256,0.44463199999999997,1411428448,77,1411428448,103471879,0.47379899999999997,0.43624399999999997,-0.028835182175058004,-6.09022,-90691611.64857173,-6.03757,3175000000.0,3175000000.0,10003352445917.512,1.029,-56.83555,2025-01-04T21:35:44.705Z,0.359647,23.55612,2025-02-03T02:11:37.229Z,Unknown,2025-05-25T20:37:22.406Z
kucoin-shares,kcs,KuCoin,https://coin-images.coingecko.com/coins/images/1047/large/sa9z79.png?1696502152,11.22,1402329812,78,1598616203,589204,11.28,11.1,0.025914780000000002,0.23158,3240623.0,0.23162000000000002,125025334.8513356,142525334.8513356,10003352445917.512,28.83,-61.12483,2021-12-01T15:09:35.541Z,0.342863,3168.8471,2019-02-07T00:00:00.000Z,Unknown,2025-05-25T20:37:22.577Z
fartcoin,fartcoin,Fartcoin,https://coin-images.coingecko.com/coins/images/50891/large/fart.jpg?1729503972,1.3900000000000001,1392551627,79,1392551627,150349619,1.48,1.35,-0.091049264775812,-6.13786,-90786307.36662173,-6.12041,999991986.212108,999991986.212108,1000000000.0,2.48,-43.86193,2025-01-19T20:41:07.782Z,0.02002855,6848.03773,2024-10-30T07:56:04.381Z,Unknown,2025-05-25T20:37:26.608Z
quant-network,qnt,Quant,https://coin-images.coingecko.com/coins/images/3370/large/5ZOu7brX_400x400.jpg?1696504070,93.28,1356729644,80,1363102468,16632932,96.83,92.41,-3.546505697134776,-3.66265,-51988506.57559395,-3.69048,14544176.164091088,14612493.0,14612493.0,427.42,-78.1757,2021-09-11T09:15:00.668Z,0.215773,43131.45701,2018-08-23T00:00:00.000Z,"{'times': 14.911313672411264, 'currency': 'eth', 'percentage': 1491.1313672411266}",2025-05-25T20:37:27.765Z
blockstack,stx,Stacks,https://coin-images.coingecko.com/coins/images/2069/large/Stacks_Logo_png.png?1709979332,0.8622449999999999,1315950104,81,1315950104,25042727,0.909466,0.85248,-0.046251492092083006,-5.09099,-69735441.78288484,-5.03256,1527308048.38571,1527308048.38571,1818000000.0,3.86,-77.70741,2024-04-01T12:34:58.342Z,0.04559639,1789.31057,2020-03-13T02:29:26.415Z,"{'times': 6.185377094920065, 'currency': 'usd', 'percentage': 618.5377094920065}",2025-05-25T20:37:21.752Z
kelp-dao-restaked-eth,rseth,Kelp DAO Restaked ETH,https://coin-images.coingecko.com/coins/images/33800/large/Icon___Dark.png?1702991855,2631.26,1268764013,82,1268764013,1303285,2668.99,2587.58,-37.7326939357622,-1.41374,-18614003.15625739,-1.44588,482188.7567984902,482188.7567984902,10003352445917.512,4216.2,-37.59373,2024-12-06T20:31:16.142Z,1459.69,80.2556,2025-04-09T01:45:22.546Z,Unknown,2025-05-25T20:37:29.539Z
nexo,nexo,NEXO,https://coin-images.coingecko.com/coins/images/3695/large/CG-nexo-token-200x200_2x.png?1730414360,1.26,1261411667,83,1261411667,5974916,1.28,1.25,-0.011751547677982001,-0.9230600000000001,-12215798.53552103,-0.95913,1000000000.0,1000000000.0,1000000000.0,4.07,-69.01768,2021-05-12T14:37:47.535Z,0.04515276,2691.30537,2018-09-13T00:00:00.000Z,"{'times': 11.61360222455585, 'currency': 'usd', 'percentage': 1161.360222455585}",2025-05-25T20:37:23.059Z
virtual-protocol,virtual,Virtuals Protocol,https://coin-images.coingecko.com/coins/images/34057/large/LOGOMARK.png?1708356054,1.9100000000000001,1243501532,84,1899715451,197758108,2.03,1.85,-0.12685639805373802,-6.24311,-84567848.94584656,-6.36773,654572521.3289992,1000000000.0,1000000000.0,5.07,-62.57901,2025-01-02T06:15:38.599Z,0.00748604,25218.82604,2024-01-23T20:55:21.653Z,Unknown,2025-05-25T20:37:27.771Z
optimism,op,Optimism,https://coin-images.coingecko.com/coins/images/25244/large/Optimism.png?1696524385,0.7250489999999999,1243315165,85,3113865254,139567212,0.7529939999999999,0.7133849999999999,-0.027801258617594003,-3.6928,-47603228.40948081,-3.68755,1714909778.0,4294967296.0,4294967296.0,4.84,-85.03702,2024-03-06T08:35:50.817Z,0.402159,80.24031,2022-06-18T20:54:52.178Z,Unknown,2025-05-25T20:37:27.325Z
flare-networks,flr,Flare,https://coin-images.coingecko.com/coins/images/28624/large/FLR-icon200x200.png?1696527609,0.01866091,1221774359,86,1929585403,4318135,0.01872526,0.018375660000000002,-5.1880510794029007e-05,-0.27725,-4214971.915533781,-0.3438,65525268651.14063,103486049593.0241,10003352445917.512,0.15007299999999998,-87.57662,2023-01-10T03:14:05.921Z,0.00827405,125.33258,2023-10-19T03:35:41.663Z,Unknown,2025-05-25T20:37:21.308Z
injective-protocol,inj,Injective,https://coin-images.coingecko.com/coins/images/12882/large/Other_200x200.png?1738782212,12.47,1218501903,87,1246839826,117144860,13.58,12.45,-1.083036803404372,-7.99156,-104806296.27242637,-7.92002,97727220.33,100000000.0,10003352445917.512,52.62,-76.28731,2024-03-14T15:06:22.124Z,0.657401,1798.04722,2020-11-03T16:19:30.576Z,Unknown,2025-05-25T20:37:22.954Z
rocket-pool-eth,reth,Rocket Pool ETH,https://coin-images.coingecko.com/coins/images/20764/large/reth.png?1696520159,2862.89,1197866660,88,1197866660,2507368,2903.69,2815.95,-39.94488370156887,-1.37607,-16340674.101737738,-1.34579,418370.5322430715,418370.5322430715,10003352445917.512,4814.31,-40.50982,2021-12-01T08:03:50.749Z,887.26,222.79493,2022-06-18T20:55:45.957Z,Unknown,2025-05-25T20:37:30.047Z
usdt0,usdt0,USDT0,https://coin-images.coingecko.com/coins/images/53705/large/usdt0.jpg?1737086183,1.0,1186632464,89,1186632464,120066961,1.006,0.998112,-0.0007166765055680001,-0.07161000000000001,3784170.0,0.31992000000000004,1186612001.86207,1186612001.86207,10003352445917.512,1.052,-4.94136,2025-01-23T22:34:53.341Z,0.975737,2.49205,2025-02-28T01:35:58.101Z,Unknown,2025-05-25T20:37:22.870Z
story-2,ip,Story,https://coin-images.coingecko.com/coins/images/54035/large/Transparent_bg.png?1738075331,4.2,1176463199,90,4227049683,30764826,4.31,4.12,-0.099957120168241,-2.32299,-27688605.83734703,-2.29943,279910207.4,1005721516.8,10003352445917.512,7.31,-42.58165,2025-02-26T16:11:25.410Z,1.0,319.80754,2025-02-14T03:11:08.309Z,Unknown,2025-05-25T20:37:21.387Z
sei-network,sei,Sei,https://coin-images.coingecko.com/coins/images/28205/large/Sei_Logo_-_Transparent.png?1696527207,0.21520299999999998,1147564394,91,2152187658,44449237,0.22702899999999998,0.213108,-0.011777947400274,-5.18896,-61485970.731095076,-5.0854800000000004,5332083333.0,10000000000.0,10003352445917.512,1.1400000000000001,-81.11429,2024-03-16T02:30:23.904Z,0.09536399999999999,125.70817,2023-10-19T08:05:30.655Z,Unknown,2025-05-25T20:37:21.709Z
eos,eos,EOS,https://coin-images.coingecko.com/coins/images/738/large/CG_EOS_Icon.png?1731705232,0.751273,1139647744,92,1577745853,100607913,0.7807489999999999,0.716028,0.01433613,1.94537,22043649.0,1.9724,1516885789.1746,2100000000.0,2100000000.0,22.71,-96.69177,2018-04-29T07:50:33.540Z,0.402746,86.55446,2024-11-04T21:55:59.771Z,"{'times': -0.24113826603006203, 'currency': 'usd', 'percentage': -24.113826603006252}",2025-05-25T20:37:21.929Z
immutable-x,imx,Immutable,https://coin-images.coingecko.com/coins/images/17233/large/immutableX-symbol-BLK-RGB.png?1696516787,0.6164339999999999,1134970749,93,1232411883,28270386,0.6389800000000001,0.607317,-0.022273236261409,-3.48724,-39996781.163069725,-3.40408,1841869206.3898141,2000000000.0,2000000000.0,9.52,-93.52899,2021-11-26T01:03:01.536Z,0.353994,74.0245,2025-04-07T07:00:54.005Z,Unknown,2025-05-25T20:37:25.500Z
xdce-crowd-sale,xdc,XDC Network,https://coin-images.coingecko.com/coins/images/2912/large/xdc-icon.png?1696503661,0.06782,1099739164,94,2576982481,31629054,0.069071,0.067414,-0.001042249047661,-1.51353,18758982.0,1.73537,16214303522.5,37994442229.5,10003352445917.512,0.19275399999999998,-64.84003,2021-08-21T04:39:48.324Z,0.00039532,17043.73803,2019-07-22T00:00:00.000Z,"{'times': 2.577483091362218, 'currency': 'eth', 'percentage': 257.7483091362218}",2025-05-25T20:37:22.249Z
dogwifcoin,wif,dogwifhat,https://coin-images.coingecko.com/coins/images/33566/large/dogwifhat.jpg?1702499428,1.049,1048088122,95,1048088122,422725830,1.13,1.022,-0.068221512788881,-6.10664,-66606067.79787111,-5.97528,998926392.0,998926392.0,998926392.0,4.83,-78.26512,2024-03-31T09:34:58.366Z,0.00155464,67363.10683,2023-12-13T07:13:50.873Z,Unknown,2025-05-25T20:37:27.414Z
solv-btc,solvbtc,Solv Protocol BTC,https://coin-images.coingecko.com/coins/images/36800/large/solvBTC.png?1719810684,107439.0,1027530832,96,1027530832,1854413,108755.0,106682.0,-1312.6154550825595,-1.20698,-67914046.66954195,-6.19968,9567.877615592946,9567.877615592946,21000000.0,111685.0,-3.75752,2025-05-22T19:31:29.789Z,49058.0,119.1054,2024-08-05T06:28:45.311Z,Unknown,2025-05-25T20:37:28.842Z
the-graph,grt,The Graph,https://coin-images.coingecko.com/coins/images/13397/large/Graph_Token.png?1696513159,0.10550000000000001,1007358335,97,1138121193,34104798,0.10963,0.104322,-0.00403836898214,-3.68672,-38020802.9914912,-3.63703,9548531509.16547,10788004319.0,10788004319.0,2.84,-96.29035,2021-02-12T07:28:45.775Z,0.052051,102.51252,2022-11-22T10:05:03.503Z,Unknown,2025-05-25T20:37:21.885Z
curve-dao-token,crv,Curve DAO,https://coin-images.coingecko.com/coins/images/12124/large/Curve.png?1696511967,0.7419319999999999,996725365,98,1680030652,145001835,0.7741500000000001,0.734713,-0.032218303856472,-4.16177,-43250401.13350093,-4.15879,1343378344.0,2264331654.145136,3030303031.0,15.37,-95.17279,2020-08-14T00:00:00.000Z,0.180354,311.43602,2024-08-05T11:41:26.119Z,Unknown,2025-05-25T20:37:22.425Z
maker,mkr,Maker,https://coin-images.coingecko.com/coins/images/1364/large/Mark_Maker.png?1696502423,1624.53,980432458,99,1021005227,32498033,1663.21,1601.88,-38.68359510558912,-2.32584,-65392599.73610723,-6.25273,603525.0890781569,628500.4804904283,1005577.0,6292.31,-74.18695,2021-05-03T21:54:29.333Z,168.36,864.75526,2020-03-16T20:52:36.527Z,Unknown,2025-05-25T20:37:29.796Z
msol,msol,Marinade Staked SOL,https://coin-images.coingecko.com/coins/images/17752/large/mSOL.png?1696517278,222.84,939144211,100,939274068,19770177,230.22,219.13,-7.166055687367049,-3.11563,-29889500.586842537,-3.08446,4216359.0,4216942.0,4216942.0,363.77,-38.81558,2025-01-19T11:26:02.862Z,8.93,2392.3247,2022-12-29T20:45:33.039Z,Unknown,2025-05-25T20:37:28.004Z
